{"Arizona Diamondbacks":{"ADJ Salary":3506956.6699999999},"Atlanta Braves":{"ADJ Salary":3517603.3199999998},"Baltimore Orioles":{"ADJ Salary":3886166.46},"Boston Red Sox":{"ADJ Salary":4934502.0499999998},"Chicago Cubs":{"ADJ Salary":3909891.3599999999},"Chicago White Sox":{"ADJ Salary":3562374.1499999999},"Cincinnati Reds":{"ADJ Salary":2833785.0},"Cleveland Guardians":{"ADJ Salary":2593029.6299999999},"Colorado Rockies":{"ADJ Salary":3728773.3599999999},"Detroit Tigers":{"ADJ Salary":4234130.4400000004},"Houston Astros":{"ADJ Salary":2978505.3300000001},"Kansas City Royals":{"ADJ Salary":2464493.04},"Los Angeles Angels":{"ADJ Salary":3561530.3300000001},"Los Angeles Dodgers":{"ADJ Salary":4087126.7000000002},"Miami Marlins":{"ADJ Salary":2039602.8999999999},"Milwaukee Brewers":{"ADJ Salary":2480614.2599999998},"Minnesota Twins":{"ADJ Salary":2718999.7799999998},"Montreal Expos":{"ADJ Salary":1391923.0800000001},"New York Mets":{"ADJ Salary":4132379.23},"New York Yankees":{"ADJ Salary":7005064.6299999999},"Oakland Athletics":{"ADJ Salary":2411201.3399999999},"Philadelphia Phillies":{"ADJ Salary":3455915.6299999999},"Pittsburg Pirates":{"ADJ Salary":2063752.5900000001},"San Diego Padres":{"ADJ Salary":2421190.48},"San Francisco Giants":{"ADJ Salary":3908309.3199999998},"Seattle Mariners":{"ADJ Salary":3777283.0},"St. Louis Cardinals":{"ADJ Salary":3637482.5499999998},"Tampa Bay Rays":{"ADJ Salary":2730955.8599999999},"Texas Rangers":{"ADJ Salary":3987162.6899999999},"Toronto Blue Jays":{"ADJ Salary":3200101.4900000002},"Washington Nationals":{"ADJ Salary":4566587.1399999997}}