{"Arizona Diamondbacks":{"ADJ Salary":3506956.6683417084,"ADJ Salary Group":2},"Atlanta Braves":{"ADJ Salary":3517603.3235294116,"ADJ Salary Group":2},"Baltimore Orioles":{"ADJ Salary":3886166.4591549295,"ADJ Salary Group":2},"Boston Red Sox":{"ADJ Salary":4934502.0474860333,"ADJ Salary Group":3},"Chicago Cubs":{"ADJ Salary":3909891.3573573572,"ADJ Salary Group":2},"Chicago White Sox":{"ADJ Salary":3562374.1509971512,"ADJ Salary Group":2},"Cincinnati Reds":{"ADJ Salary":2833785.0,"ADJ Salary Group":2},"Cleveland Guardians":{"ADJ Salary":2593029.6325966851,"ADJ Salary Group":2},"Colorado Rockies":{"ADJ Salary":3728773.35546875,"ADJ Salary Group":2},"Detroit Tigers":{"ADJ Salary":4234130.4447513809,"ADJ Salary Group":3},"Florida Marlins":{"ADJ Salary":1825438.5243902439,"ADJ Salary Group":1},"Houston Astros":{"ADJ Salary":2978505.3324099723,"ADJ Salary Group":2},"Kansas City Royals":{"ADJ Salary":2464493.0437158472,"ADJ Salary Group":2},"Los Angeles Angels":{"ADJ Salary":3561530.3307493539,"ADJ Salary Group":2},"Los Angeles Dodgers":{"ADJ Salary":4087126.7048346056,"ADJ Salary Group":3},"Miami Marlins":{"ADJ Salary":3264822.3255813955,"ADJ Salary Group":2},"Milwaukee Brewers":{"ADJ Salary":2480614.2625698326,"ADJ Salary Group":2},"Minnesota Twins":{"ADJ Salary":2718999.782729805,"ADJ Salary Group":2},"Montreal Expos":{"ADJ Salary":1391923.0805084745,"ADJ Salary Group":1},"New York Mets":{"ADJ Salary":4132379.2305555558,"ADJ Salary Group":3},"New York Yankees":{"ADJ Salary":7005064.6291560102,"ADJ Salary Group":4},"Oakland Athletics":{"ADJ Salary":2411201.3380681816,"ADJ Salary Group":2},"Philadelphia Phillies":{"ADJ Salary":3455915.6348773842,"ADJ Salary Group":2},"Pitsburg Pirates":{"ADJ Salary":2063752.5923753665,"ADJ Salary Group":2},"San Diego Padres":{"ADJ Salary":2421190.4782608696,"ADJ Salary Group":2},"San Francisco Giants":{"ADJ Salary":3908309.3159340657,"ADJ Salary Group":2},"Seattle Mariners":{"ADJ Salary":3777283.0,"ADJ Salary Group":2},"St. Louis Cardinals":{"ADJ Salary":3637482.5541561712,"ADJ Salary Group":2},"Tampa Bay Rays":{"ADJ Salary":2730955.8592964825,"ADJ Salary Group":2},"Texas Rangers":{"ADJ Salary":3987162.6929577463,"ADJ Salary Group":2},"Toranto Blue Jays":{"ADJ Salary":3200101.4907161803,"ADJ Salary Group":2},"Washington Nationals":{"ADJ Salary":4566587.1395348841,"ADJ Salary Group":3}}